experiment_id,model,prompt_strategy,visualization,narrative,fk_score,generation_time,target_met,timestamp
1,claude_sonnet,general,stacked_bar,"# Vulnerability Distribution Across AWS Accounts

This stacked bar chart displays the number of vulnerabilities found in three AWS accounts, categorized by severity level.

Each bar represents one AWS account, with colored segments showing the count of vulnerabilities at each severity level:
- Red: Critical vulnerabilities (most severe)
- Orange: High severity vulnerabilities
- Yellow: Medium severity vulnerabilities
- Green: Low severity vulnerabilities (least severe)

Key observations:
- Account2 has the highest total number of vulnerabilities (92)
- Account2 also has the most critical vulnerabilities (12)
- Account3 has the fewest total vulnerabilities (50)
- Across all accounts, low severity vulnerabilities are most common
- Critical vulnerabilities make up the smallest portion in each account

This visualization helps security teams prioritize remediation efforts by focusing on accounts with the most severe vulnerabilities.",34.895081967213116,7.21881103515625,False,2025-06-25T14:02:57.272402
2,claude_sonnet,general,heatmap,"# Vulnerability Heatmap Visualization Explanation

This labeled heatmap displays the severity of security vulnerabilities across three different ECS clusters.

## What It Shows:
- **Rows**: Three ECS clusters (web-cluster, api-cluster, and db-cluster)
- **Columns**: Three specific vulnerabilities identified by their CVE IDs
- **Cell Values**: Vulnerability severity scores (0-10 scale, where higher numbers indicate greater risk)

## Key Insights:
- **web-cluster** has critical exposure to CVE-2024-1234 (9.8) and high exposure to CVE-2024-5678 (7.5), but no exposure to CVE-2024-9012
- **api-cluster** shows the highest overall vulnerability with significant scores across all three CVEs
- **db-cluster** is not affected by CVE-2024-1234, but has moderate risk from CVE-2024-5678 (5.4) and high risk from CVE-2024-9012 (8.9)

The color intensity in the heatmap would visually highlight the most severe vulnerabilities, making it easy to identify which clusters need immediate attention.",15.544444444444448,6.586618185043335,False,2025-06-25T14:03:04.361774
3,claude_sonnet,general,treemap,"# Vulnerability Treemap Visualization Explanation

This treemap visualization shows the hierarchical distribution of vulnerabilities across different services and packages in your system.

## Structure:
- The visualization is organized in a nested hierarchy: Services → Packages → Specific CVEs
- Rectangle size corresponds to the severity score of each vulnerability (larger rectangles = higher severity)

## Key Findings:
- **Web-service** contains vulnerabilities in:
  - **nginx**: Two vulnerabilities (CVE-2024-1111 with severity 8.5 and CVE-2024-2222 with severity 6.2)
  - **openssl**: One high-severity vulnerability (CVE-2024-3333 with severity 9.1)
- **API-service** contains vulnerabilities in:
  - **python**: One vulnerability (CVE-2024-4444 with severity 7.8)
  - **flask**: One vulnerability (CVE-2024-5555 with severity 5.9)

## Highest Risk:
The openssl vulnerability (CVE-2024-3333) in the web-service has the highest severity score (9.1) and should be prioritized for remediation.",17.06919247787611,11.741666793823242,False,2025-06-25T14:03:16.608608
4,claude_sonnet,role_based,stacked_bar,"# Vulnerability Assessment Report: AWS Account Security Posture

## Executive Summary

The vulnerability distribution across our three AWS accounts reveals concerning security gaps, particularly in account2, which shows the highest concentration of critical and high-severity vulnerabilities. This analysis provides a clear picture of our current security posture and highlights priority areas for remediation.

## Key Findings

### Overall Vulnerability Distribution

- **Total vulnerabilities**: 210 across all accounts
- **Critical vulnerabilities**: 20 (9.5% of total)
- **High vulnerabilities**: 30 (14.3% of total)
- **Account2** contains the highest number of vulnerabilities (92), followed by account1 (68) and account3 (50)

### Account-Specific Analysis

1. **Account2 (Highest Risk)**
   - 12 critical vulnerabilities (60% of all critical findings)
   - 15 high-severity vulnerabilities (50% of all high findings)
   - Requires immediate attention and prioritized remediation

2. **Account1 (Moderate Risk)**
   - 5 critical vulnerabilities
   - 8 high-severity vulnerabilities
   - Significant medium and low vulnerabilities (55 total)

3. **Account3 (Lower Risk)**
   - 3 critical vulnerabilities
   - 7 high-severity vulnerabilities
   - Lowest overall vulnerability count

## Recommended Actions

1. **Immediate (0-7 days)**:
   - Address all 12 critical vulnerabilities in account2
   - Investigate why account2 has significantly more severe vulnerabilities

2. **Short-term (7-30 days)**:
   - Remediate all remaining critical vulnerabilities across accounts
   - Address high-severity vulnerabilities in account2

3. **Medium-term (30-60 days)**:
   - Implement a vulnerability management program with regular scanning
   - Establish remediation SLAs based on severity (Critical: 7 days, High: 30 days)

4. **Long-term Strategy**:
   - Implement security controls to prevent introduction of new critical/high vulnerabilities
   - Consider security posture management tools for continuous monitoring

## Business Impact",21.144827586206898,18.35343599319458,False,2025-06-25T14:03:35.472387
5,claude_sonnet,role_based,heatmap,"# Vulnerability Assessment Report: ECS Cluster Security Posture

## Executive Summary

Our security scan has identified several critical and high-severity vulnerabilities across our three ECS clusters. The heatmap analysis reveals that **all clusters are exposed to significant security risks** that require immediate attention, with the **api-cluster showing the highest overall vulnerability exposure**.

## Key Findings

### Severity Distribution by Cluster

1. **Web Cluster**: Contains one critical vulnerability (9.8/10) and one high vulnerability (7.5/10)
2. **API Cluster**: Most vulnerable with three significant issues, including a critical vulnerability (9.1/10)
3. **DB Cluster**: Contains two vulnerabilities, including one critical (8.9/10)

### Critical Vulnerabilities Requiring Immediate Action

- **CVE-2024-1234**: Critical severity (9.8/10) affecting our web-cluster and high severity (8.2/10) in api-cluster
- **CVE-2024-5678**: Critical severity (9.1/10) in api-cluster and moderate severity elsewhere
- **CVE-2024-9012**: High severity (8.9/10) in our database cluster

## Recommended Actions

1. **Immediate Patching**: Apply security patches for CVE-2024-1234 and CVE-2024-5678 across all affected clusters, prioritizing web and API clusters
2. **Database Protection**: Schedule maintenance window to address CVE-2024-9012 in the database cluster
3. **Vulnerability Management**: Implement continuous vulnerability scanning across all clusters
4. **Security Posture Review**: Conduct a comprehensive review of our container security practices

## Business Impact

Failure to address these vulnerabilities could lead to:
- Unauthorized access to sensitive data
- Service disruption affecting customer-facing applications
- Potential compliance violations and associated penalties

I recommend we convene the security and operations teams to develop a remediation plan with specific timelines. I'm available to discuss the technical details and assist in prioritizing these efforts.",17.267549829849298,17.92687225341797,False,2025-06-25T14:03:53.906156
6,claude_sonnet,role_based,treemap,"# Vulnerability Assessment Report: Service Security Posture

## Executive Summary

Our security scan has identified **5 vulnerabilities** across our web and API services, with one **critical vulnerability** requiring immediate attention. The visualization shows the distribution of vulnerabilities by service and package, with the size and color intensity representing severity.

## Key Findings

### Web Service Vulnerabilities
- **Critical Issue**: OpenSSL contains a critical vulnerability (CVE-2024-3333) with a severity score of 9.1/10
- Two vulnerabilities in Nginx:
  - High severity (CVE-2024-1111): 8.5/10
  - Medium severity (CVE-2024-2222): 6.2/10

### API Service Vulnerabilities
- Python package has a high severity vulnerability (CVE-2024-4444): 7.8/10
- Flask framework has a medium severity vulnerability (CVE-2024-5555): 5.9/10

## Recommended Actions

1. **Immediate (24-48 hours)**:
   - Patch the critical OpenSSL vulnerability (CVE-2024-3333)
   - Update Nginx to address the high severity vulnerability (CVE-2024-1111)

2. **Short-term (1 week)**:
   - Update Python to remediate the high severity vulnerability (CVE-2024-4444)

3. **Medium-term (2 weeks)**:
   - Address the remaining medium severity vulnerabilities in Nginx and Flask

## Business Impact

The critical OpenSSL vulnerability poses the highest risk to our organization, potentially exposing sensitive data or allowing unauthorized access. The web service appears to be our most vulnerable component overall, with both high and critical vulnerabilities that could impact customer-facing operations.

I recommend allocating resources to address these vulnerabilities according to the prioritization outlined above to minimize our security exposure.",18.17569377990431,9.146774053573608,False,2025-06-25T14:04:03.559371
7,claude_sonnet,few_shot,stacked_bar,"""This stacked bar chart displays the vulnerability distribution by severity across three AWS accounts. Account2 has the highest risk profile with 12 critical vulnerabilities requiring immediate attention, followed by account1 with 5 and account3 with 3 critical issues. Account2 also leads in high-severity vulnerabilities with 15 instances, compared to 8 in account1 and 7 in account3. Overall, account2 shows the greatest security exposure across all severity levels, making it the priority target for remediation efforts.""",16.738500000000005,7.559568881988525,False,2025-06-25T14:04:11.620910
8,claude_sonnet,few_shot,heatmap,"""This heatmap shows critical vulnerabilities across three ECS clusters. The api-cluster is most at risk with CVE-2024-5678 scoring 9.1 and CVE-2024-1234 at 8.2. The web-cluster has the highest single vulnerability (CVE-2024-1234 at 9.8). Priority remediation should focus on these critical vulnerabilities in the web and api clusters, while the db-cluster's highest risk is CVE-2024-9012 with a score of 8.9.""",9.412000000000003,5.187999963760376,True,2025-06-25T14:04:17.314380
9,claude_sonnet,few_shot,treemap,"""This treemap visualization shows the distribution of vulnerabilities across services and packages in our environment. The web-service contains the highest severity issue with a CVE-2024-3333 in openssl scoring 9.1, which requires immediate attention. Additionally, the web-service's nginx package has a critical vulnerability (CVE-2024-1111) with a score of 8.5. The api-service has moderate to high risks, with python containing a CVE-2024-4444 scoring 7.8. Overall, remediation efforts should prioritize the openssl vulnerability in the web-service followed by the nginx and python issues.""",13.357500000000002,8.854804277420044,True,2025-06-25T14:04:26.674792
10,claude_sonnet,chain_of_thought,stacked_bar,"# Analysis of AWS Account Vulnerability Visualization

## 1. Key Elements and Data Points

This stacked bar chart visualization shows the distribution of vulnerabilities across three AWS accounts, categorized by severity levels:

- **Accounts**: Three AWS accounts labeled as account1, account2, and account3
- **Severity Levels**: Four categories of vulnerabilities:
  - Critical vulnerabilities (likely in red on the chart)
  - High vulnerabilities (likely in orange)
  - Medium vulnerabilities (likely in yellow)
  - Low vulnerabilities (likely in green or blue)
- **Specific Counts**:
  - **account1**: 5 critical, 8 high, 20 medium, 35 low (68 total)
  - **account2**: 12 critical, 15 high, 25 medium, 40 low (92 total)
  - **account3**: 3 critical, 7 high, 18 medium, 22 low (50 total)

## 2. Security Risk Interpretation

- **Critical Vulnerabilities**: These represent the most severe security risks that could lead to immediate system compromise, data breaches, or service disruption. Account2 has the highest number (12), indicating it's at the greatest immediate risk.

- **High Vulnerabilities**: These represent significant security issues that could be exploited with moderate effort. Account2 again has the most (15), reinforcing its elevated risk profile.

- **Medium Vulnerabilities**: These represent moderate security concerns that may require specific conditions to exploit. All accounts have substantial numbers, with account2 having the most (25).

- **Low Vulnerabilities**: These represent minor security issues with limited impact. While numerous across all accounts, they present less immediate risk.

- **Total Vulnerability Load**: Account2 has the highest total number of vulnerabilities (92), followed by account1 (68) and account3 (50), suggesting account2 has the largest attack surface.

## 3. Main Insights and Recommended Actions

### Key Insights:
- Account2 is clearly the highest risk environment with both the most critical/high vulnerabilities and the highest total count.
- Account3 appears to be the most secure with the fewest vulner",16.91638989169675,11.34608006477356,False,2025-06-25T14:04:38.528147
11,claude_sonnet,chain_of_thought,heatmap,"# Analysis of ECS Clusters Vulnerability Heatmap

## 1. Key Elements and Data Points

The visualization is a labeled heatmap showing:

- **3 ECS Clusters**: web-cluster, api-cluster, and db-cluster
- **3 CVE Vulnerabilities**: CVE-2024-1234, CVE-2024-5678, and CVE-2024-9012
- **Severity Scores**: Numerical values ranging from 0 to 9.8, where:
  - 0 indicates no vulnerability present
  - Higher numbers indicate more severe vulnerabilities
  - Scores follow the CVSS (Common Vulnerability Scoring System) scale, where:
    - 9.0-10.0: Critical
    - 7.0-8.9: High
    - 4.0-6.9: Medium
    - 0.1-3.9: Low
    - 0: None

## 2. Security Risk Interpretation

- **Critical Vulnerabilities (9.0-10.0)**:
  - CVE-2024-1234 on web-cluster (9.8): Represents a critical vulnerability that likely allows remote code execution, privilege escalation, or other severe impact with minimal complexity
  - CVE-2024-5678 on api-cluster (9.1): Another critical vulnerability that poses immediate threat

- **High Vulnerabilities (7.0-8.9)**:
  - CVE-2024-1234 on api-cluster (8.2): High severity vulnerability
  - CVE-2024-9012 on db-cluster (8.9): Nearly critical vulnerability on database infrastructure
  - CVE-2024-5678 on web-cluster (7.5): High severity vulnerability

- **Medium Vulnerabilities (4.0-6.9)**:
  - CVE-2024-9012 on api-cluster (6.8): Medium-high severity
  - CVE-2024-5678 on db-cluster (5.4): Medium severity

- **No Vulnerabilities (0)**:
  - CVE-2024-9012 on web-",13.858231083844583,11.19541883468628,True,2025-06-25T14:04:50.230128
12,claude_sonnet,chain_of_thought,treemap,"# Analysis of Vulnerability Treemap Visualization

## 1. Key Elements and Data Points

The visualization is a treemap that shows a hierarchical representation of vulnerabilities with these key elements:

- **Top-level hierarchy**: Two main services - ""web-service"" and ""api-service""
- **Second-level hierarchy**: Software packages within each service
  - Web-service: nginx and openssl
  - API-service: python and flask
- **Third-level hierarchy**: Specific CVE (Common Vulnerabilities and Exposures) identifiers
- **Data values**: CVSS (Common Vulnerability Scoring System) scores ranging from 5.9 to 9.1
- **Distribution of vulnerabilities**:
  - Web-service: 3 vulnerabilities (2 in nginx, 1 in openssl)
  - API-service: 2 vulnerabilities (1 in python, 1 in flask)

## 2. Security Risk Representation

- **CVSS Severity Levels**:
  - Critical (9.0-10.0): CVE-2024-3333 in openssl (9.1)
  - High (7.0-8.9): CVE-2024-1111 in nginx (8.5) and CVE-2024-4444 in python (7.8)
  - Medium (4.0-6.9): CVE-2024-2222 in nginx (6.2) and CVE-2024-5555 in flask (5.9)

- **Risk Concentration**:
  - The web-service contains the highest severity vulnerability (openssl at 9.1)
  - The web-service has more total vulnerabilities (3 vs. 2)
  - Nginx has multiple vulnerabilities, indicating potential compounding risk

- **Component Risk**:
  - OpenSSL presents the most critical single risk point (9.1)
  - Core components (nginx, openssl, python) have higher severity vulnerabilities than the framework (flask)

## 3. Main Insights and Recommended Actions

**Key Insights:**
- The web-service presents the highest overall security risk due to both the",12.797295873573308,19.55221199989319,True,2025-06-25T14:05:10.284216
13,nova_pro,general,stacked_bar,"Certainly! Here's a clear and concise explanation of the vulnerability visualization:

### Visualization Type: Stacked Bar Chart

### Description:
This stacked bar chart illustrates the distribution of vulnerabilities by severity across multiple AWS accounts. Each bar represents an AWS account, and the segments within each bar show the number of vulnerabilities categorized by severity levels: critical, high, medium, and low.

### Data:
- **Accounts:** `account1`, `account2`, `account3`
- **Vulnerability Counts by Severity:**
  - **Critical:**
    - `account1`: 5
    - `account2`: 12
    - `account3`: 3
  - **High:**
    - `account1`: 8
    - `account2`: 15
    - `account3`: 7
  - **Medium:**
    - `account1`: 20
    - `account2`: 25
    - `account3`: 18
  - **Low:**
    - `account1`: 35
    - `account2`: 40
    - `account3`: 22

### Interpretation:
- Each bar corresponds to an AWS account.
- The height of each segment within a bar indicates the number of vulnerabilities of a specific severity level for that account.
- The total height of each bar represents the sum of all vulnerabilities across all severity levels for that account.

### Key Points:
- `account2` has the highest number of vulnerabilities overall.
- `account1` has the lowest number of critical vulnerabilities.
- `account3` has the fewest total vulnerabilities compared to `account1` and `account2`.
- Low severity vulnerabilities are the most numerous across all accounts.",16.41534798534798,3.093622922897339,False,2025-06-25T14:05:13.884629
14,nova_pro,general,heatmap,"Certainly! Here's a clear and concise explanation of the vulnerability visualization:

### Visualization Type: Labeled Heatmap

### Description:
This visualization displays vulnerability severity scores along with Common Vulnerabilities and Exposures (CVE) labels across different Elastic Container Service (ECS) clusters. 

### Data:
- **Clusters:** 
  - web-cluster
  - api-cluster
  - db-cluster

- **Vulnerabilities:**
  - CVE-2024-1234
  - CVE-2024-5678
  - CVE-2024-9012

- **Scores:**
  - Each row represents a cluster, and each column represents a CVE. The values are the severity scores of the vulnerabilities in those clusters.

### Heatmap Breakdown:
- **Row 1 (web-cluster):**
  - CVE-2024-1234: 9.8 (Critical)
  - CVE-2024-5678: 7.5 (High)
  - CVE-2024-9012: 0 (None)

- **Row 2 (api-cluster):**
  - CVE-2024-1234: 8.2 (High)
  - CVE-2024-5678: 9.1 (Critical)
  - CVE-2024-9012: 6.8 (Medium)

- **Row 3 (db-cluster):**
  - CVE-2024-1234: 0 (None)
  - CVE-2024-5678: 5.4 (Medium)
  - CVE-2024-9012: 8.9 (High)

### Interpretation:
- The heatmap uses color coding to represent the severity scores, where higher numbers indicate more severe vulnerabilities.
- **Critical** vulnerabilities (score > 9) are shown in dark red.
- **High** vulnerabilities (score between 7-9) are shown in red.
- **Medium** vulnerabilities (score between 4-7) are shown in yellow.
- **Low** or **None** vulnerabilities (score < 4) are shown in green.

This visualization helps quickly identify which clusters are most affected by",11.301824712643679,3.069821834564209,True,2025-06-25T14:05:17.461664
15,nova_pro,general,treemap,"Certainly! Here's a clear and concise explanation of the vulnerability visualization using a treemap:

### Vulnerability Visualization: Treemap

#### Overview
The treemap provides a hierarchical view of vulnerability distribution across different services and packages. Each rectangle in the treemap represents a specific vulnerability, with its size indicating the severity of the vulnerability (higher severity means a larger rectangle).

#### Data Breakdown
- **Services**: The top-level categories are the services (`web-service` and `api-service`).
- **Packages**: Within each service, there are packages (`nginx`, `openssl`, `python`, `flask`).
- **Vulnerabilities**: Each package contains specific vulnerabilities identified by their CVE (Common Vulnerabilities and Exposures) numbers, along with their severity scores.

### Hierarchical Structure
1. **Web Service**
   - **nginx**
     - `CVE-2024-1111`: Severity 8.5
     - `CVE-2024-2222`: Severity 6.2
   - **openssl**
     - `CVE-2024-3333`: Severity 9.1

2. **API Service**
   - **python**
     - `CVE-2024-4444`: Severity 7.8
   - **flask**
     - `CVE-2024-5555`: Severity 5.9

### Interpretation
- The treemap allows you to quickly see which services and packages have vulnerabilities and the severity of each vulnerability.
- Larger rectangles indicate more severe vulnerabilities.
- You can drill down from services to packages to specific CVEs to get detailed information.

### Example
- The `openssl` package under `web-service` has a vulnerability `CVE-2024-3333` with a high severity score of 9.1, making it a critical issue that needs immediate attention.
- Conversely, the `flask` package under `api-service` has a vulnerability `CVE-2024-5555` with a lower severity score of 5.9, indicating a moderate issue.

This visualization helps in prioritizing vulnerability remediation efforts based on severity and impacted services/packages.",14.656666666666666,4.538536071777344,True,2025-06-25T14:05:22.501225
16,nova_pro,role_based,stacked_bar,"Certainly! Here's an explanation of the vulnerability visualization tailored for decision-makers:

---

### Vulnerability Visualization Explanation

#### Visualization Type: Stacked Bar Chart

#### Description:
The stacked bar chart illustrates the distribution of vulnerabilities by severity across three AWS accounts: **account1**, **account2**, and **account3**. This visualization helps us understand the security posture of each account and identify areas that require immediate attention.

#### Data Breakdown:
- **Accounts**: account1, account2, account3
- **Severity Levels**: Critical, High, Medium, Low
- **Vulnerability Counts**:
  - **Critical**: 
    - account1: 5
    - account2: 12
    - account3: 3
  - **High**: 
    - account1: 8
    - account2: 15
    - account3: 7
  - **Medium**: 
    - account1: 20
    - account2: 25
    - account3: 18
  - **Low**: 
    - account1: 35
    - account2: 40
    - account3: 22

### Key Insights:

1. **Critical Vulnerabilities**:
   - **account2** has the highest number of critical vulnerabilities (12), indicating an urgent need for remediation.
   - **account1** and **account3** have 5 and 3 critical vulnerabilities, respectively. While lower than account2, these still require prompt action.

2. **High Vulnerabilities**:
   - **account2** leads with 15 high-severity vulnerabilities, followed by account1 with 8 and account3 with 7. These should be addressed after critical vulnerabilities.

3. **Medium Vulnerabilities**:
   - All accounts have a significant number of medium vulnerabilities, with account2 having the most (25). Regular monitoring and planned remediation are essential.

4. **Low Vulnerabilities**:
   - **account2** has the highest count of low vulnerabilities (40), followed by account1 (35) and account3 (22). Though low severity, these should be reviewed periodically to prevent them from escalating.

### Required Actions:

1. **Immediate Remediation**:
   - Focus on resolving all critical vulnerabilities across all accounts, with priority given to account2",17.630200239091455,3.289418935775757,False,2025-06-25T14:05:26.297684
17,nova_pro,role_based,heatmap,"Certainly! Here's an explanation of the vulnerability visualization to help decision-makers understand the security posture and required actions:

---

### Vulnerability Visualization Overview

**Visualization Type:** Labeled Heatmap

**Description:** This heatmap displays the severity scores of various vulnerabilities, identified by their CVE (Common Vulnerabilities and Exposures) labels, across different ECS (Elastic Container Service) clusters.

### Data Summary

- **Clusters:** 
  - web-cluster
  - api-cluster
  - db-cluster

- **Vulnerabilities:**
  - CVE-2024-1234
  - CVE-2024-5678
  - CVE-2024-9012

- **Scores:** 
  - Severity scores range from 0 (no vulnerability) to 10 (critical vulnerability).

### Heatmap Interpretation

The heatmap is organized as follows:
- **Rows:** Represent different ECS clusters.
- **Columns:** Represent different CVEs.
- **Cells:** Contain the severity scores for each CVE in each cluster.

#### Heatmap Data:
```
          | CVE-2024-1234 | CVE-2024-5678 | CVE-2024-9012 |
---------------------------------------------------------------------
web-cluster|        9.8      |       7.5      |       0        |
---------------------------------------------------------------------
api-cluster|        8.2      |       9.1      |       6.8      |
---------------------------------------------------------------------
db-cluster |        0        |       5.4      |       8.9      |
```

### Key Insights

1. **Highest Severity Vulnerabilities:**
   - **CVE-2024-1234** in `web-cluster` (Score: 9.8)
   - **CVE-2024-5678** in `api-cluster` (Score: 9.1)
   
   These vulnerabilities pose a critical risk and should be addressed immediately.

2. **Moderate Severity Vulnerabilities:**
   - **CVE-2024-5678** in `web-cluster` (Score: 7.5)
   - **CVE-2024-9012**",14.410967741935483,3.7736871242523193,True,2025-06-25T14:05:30.575597
18,nova_pro,role_based,treemap,"Certainly! Here's an explanation of the vulnerability visualization using a treemap to help decision-makers understand the security posture and required actions:

---

### Vulnerability Visualization Explanation

#### **Visualization Type:** Treemap

#### **Description:**
The treemap provides a hierarchical view of vulnerability distribution across different services and packages within our system. This visualization helps us quickly identify which services and packages are most at risk based on the severity of known vulnerabilities.

#### **Data Breakdown:**

- **Web Service:**
  - **nginx:**
    - *CVE-2024-1111*: Severity score of 8.5
    - *CVE-2024-2222*: Severity score of 6.2
  - **openssl:**
    - *CVE-2024-3333*: Severity score of 9.1

- **API Service:**
  - **python:**
    - *CVE-2024-4444*: Severity score of 7.8
  - **flask:**
    - *CVE-2024-5555*: Severity score of 5.9

### **Security Posture Summary:**

1. **Highest Severity Vulnerabilities:**
   - The most critical vulnerability is in the **openssl** package used by the **web service**, with *CVE-2024-3333* having a severity score of 9.1. This indicates a high-risk vulnerability that needs immediate attention.
   - The **nginx** package in the **web service** also has a significant vulnerability, *CVE-2024-1111*, with a severity score of 8.5.

2. **Moderate Severity Vulnerabilities:**
   - The **python** package used by the **api service** has a vulnerability, *CVE-2024-4444*, with a severity score of 7.8, indicating a moderate risk that should be addressed promptly.
   - Another vulnerability in the **nginx** package, *CVE-2024-2222*, has a severity score of 6.2, which is also a concern but slightly lower in priority compared to the higher-severity vulnerabilities.

3. **",14.165155963302755,2.8995909690856934,True,2025-06-25T14:05:33.979530
19,nova_pro,few_shot,stacked_bar,"Certainly! Here's an explanation of the given vulnerability visualization:

---

**Vulnerability Visualization Explanation:**

**Visualization Type:** Stacked Bar Chart

**Description:** This stacked bar chart illustrates the distribution of vulnerabilities by severity across three AWS accounts: account1, account2, and account3. 

**Data Breakdown:**
- **Critical Vulnerabilities:**
  - account1: 5
  - account2: 12
  - account3: 3
- **High Vulnerabilities:**
  - account1: 8
  - account2: 15
  - account3: 7
- **Medium Vulnerabilities:**
  - account1: 20
  - account2: 25
  - account3: 18
- **Low Vulnerabilities:**
  - account1: 35
  - account2: 40
  - account3: 22

**Analysis:**
- **Critical Severity:** account2 has the highest number of critical vulnerabilities with 12 issues, indicating an urgent need for immediate patching to mitigate severe risks.
- **High Severity:** account2 also leads in high severity vulnerabilities with 15 issues, followed by account1 with 8 and account3 with 7. These should be addressed after critical vulnerabilities.
- **Medium Severity:** account2 has the most medium severity vulnerabilities with 25 issues. account1 and account3 follow with 20 and 18 issues, respectively. These should be patched after critical and high severity vulnerabilities.
- **Low Severity:** account2 has the highest count of low severity vulnerabilities with 40 issues. account1 and account3 have 35 and 22 issues, respectively. While these are the least urgent, they should still be monitored and patched as resources allow.

**Recommendation:**
- **Immediate Action:** Focus on patching the critical vulnerabilities in account2 first, as it has the highest count of severe issues.
- **Next Steps:** Proceed to address high severity vulnerabilities, starting with account2, then account1, and finally account3.
- **Ongoing Monitoring:** Keep an eye on medium and low severity vulnerabilities and plan for their remediation in subsequent phases.

--- 

This explanation provides a clear understanding of the vulnerability distribution and prioritizes actions based on severity and the number of issues across the AWS accounts.",17.622484472049695,4.043363094329834,False,2025-06-25T14:05:38.529342
20,nova_pro,few_shot,heatmap,"Certainly! Here's an explanation of the given vulnerability visualization:

---

**Vulnerability Explanation:**

The labeled heatmap illustrates the severity scores of various vulnerabilities identified across three ECS clusters: `web-cluster`, `api-cluster`, and `db-cluster`. Each cell in the heatmap is labeled with a specific CVE (Common Vulnerabilities and Exposures) identifier and colored to represent the severity score of the vulnerability in that cluster.

**Key Findings:**
1. **CVE-2024-1234:**
   - `web-cluster`: Severity score of 9.8 (Critical)
   - `api-cluster`: Severity score of 7.5 (High)
   - `db-cluster`: Severity score of 0 (None)

2. **CVE-2024-5678:**
   - `web-cluster`: Severity score of 8.2 (High)
   - `api-cluster`: Severity score of 9.1 (Critical)
   - `db-cluster`: Severity score of 6.8 (Medium)

3. **CVE-2024-9012:**
   - `web-cluster`: Severity score of 0 (None)
   - `api-cluster`: Severity score of 5.4 (Medium)
   - `db-cluster`: Severity score of 8.9 (High)

**Recommendations:**
- **Immediate Action:** 
  - Patch `CVE-2024-1234` in the `web-cluster` (severity 9.8) and `api-cluster` (severity 7.5) as they have the highest severity scores.
  - Address `CVE-2024-5678` in the `api-cluster` (severity 9.1) and `CVE-2024-9012` in the `db-cluster` (severity 8.9) due to their critical and high severity respectively.
- **Secondary Action:**
  - Mitigate `CVE-2024-5678` in the `web-cluster` (severity 8.2) and `CVE-2024-9012",12.164214285714287,2.604193925857544,True,2025-06-25T14:05:41.637176
21,nova_pro,few_shot,treemap,"Certainly! Here's an explanation of the given vulnerability visualization:

---

**Vulnerability Visualization Explanation:**

**Visualization Type:** Treemap

**Description:** This treemap provides a hierarchical view of vulnerability distribution across different services and packages within your system.

**Data Breakdown:**

- **Web Service:**
  - **nginx:**
    - **CVE-2024-1111:** Severity score of 8.5
    - **CVE-2024-2222:** Severity score of 6.2
  - **openssl:**
    - **CVE-2024-3333:** Severity score of 9.1

- **API Service:**
  - **python:**
    - **CVE-2024-4444:** Severity score of 7.8
  - **flask:**
    - **CVE-2024-5555:** Severity score of 5.9

**Analysis and Recommendations:**

1. **Highest Severity Vulnerabilities:**
   - The most critical vulnerability is **CVE-2024-3333** in the **openssl** package under the **web-service**, with a severity score of 9.1. This should be your top priority for patching.
   - Following this, **CVE-2024-1111** in the **nginx** package also under the **web-service** has a severity score of 8.5 and should be addressed next.

2. **Moderate Severity Vulnerabilities:**
   - **CVE-2024-4444** in the **python** package under the **api-service** has a severity score of 7.8 and should be patched after the highest severity issues.
   
3. **Lower Severity Vulnerabilities:**
   - **CVE-2024-2222** in the **nginx** package (severity score 6.2) and **CVE-2024-5555** in the **flask** package (severity score 5.9) are of lower severity but still important to address in due course.

**Action Plan:**
- Immediately prioritize patching **CVE-",11.809876160990715,2.8924129009246826,True,2025-06-25T14:05:45.035068
22,nova_pro,chain_of_thought,stacked_bar,"Certainly! Let's break down the vulnerability visualization step by step.

### 1. Identify the Key Elements and Data Points Shown

- **Visualization Type**: Stacked Bar Chart
- **Description**: Shows vulnerability distribution by severity across AWS accounts
- **Data**:
  - **Accounts**: 
    - account1
    - account2
    - account3
  - **Severity Levels**:
    - Critical: [5, 12, 3]
    - High: [8, 15, 7]
    - Medium: [20, 25, 18]
    - Low: [35, 40, 22]

### 2. Explain What These Elements Represent in Terms of Security Risk

- **Accounts**:
  - These represent different AWS accounts being analyzed for vulnerabilities.
  
- **Severity Levels**:
  - **Critical**: These are the most severe vulnerabilities that pose an immediate threat. They require urgent attention and remediation.
  - **High**: These vulnerabilities are serious and should be addressed promptly, though not as urgently as critical ones.
  - **Medium**: These vulnerabilities are moderate in severity and should be remediated in a timely manner.
  - **Low**: These are the least severe vulnerabilities and can be addressed after higher-severity issues have been resolved.

### 3. Summarize the Main Insight and Recommended Actions

#### Main Insight:
The stacked bar chart reveals the distribution of vulnerabilities across different AWS accounts, categorized by their severity levels. 

- **account1** has 5 critical, 8 high, 20 medium, and 35 low vulnerabilities.
- **account2** has 12 critical, 15 high, 25 medium, and 40 low vulnerabilities.
- **account3** has 3 critical, 7 high, 18 medium, and 22 low vulnerabilities.

From this data, we can see that:
- **account2** has the highest number of critical and high vulnerabilities, indicating it is at a greater immediate risk compared to the other accounts.
- **account1** and **account3** have fewer critical and high vulnerabilities but still have a significant number of medium and low vulnerabilities that need attention.

#### Recommended Actions:
1. **Prioritize Remediation**:
   - **Immediate Action**: Focus on resolving all critical vulnerabilities across",14.80447427797834,2.9460129737854004,True,2025-06-25T14:05:48.487336
23,nova_pro,chain_of_thought,heatmap,"Certainly! Let's break down the vulnerability visualization step by step.

### 1. Identify the Key Elements and Data Points Shown

- **Visualization Type**: Labeled Heatmap
- **Description**: Displays vulnerability severity scores with CVE labels across ECS clusters
- **Data**:
  - **Clusters**: 
    - ""web-cluster""
    - ""api-cluster""
    - ""db-cluster""
  - **Vulnerabilities**:
    - ""CVE-2024-1234""
    - ""CVE-2024-5678""
    - ""CVE-2024-9012""
  - **Scores**:
    - For ""web-cluster"": `[9.8, 7.5, 0]`
    - For ""api-cluster"": `[8.2, 9.1, 6.8]`
    - For ""db-cluster"": `[0, 5.4, 8.9]`

### 2. Explain What These Elements Represent in Terms of Security Risk

- **Clusters**: These are different groups of services or applications within the ECS (Elastic Container Service). Each cluster likely serves a different function (e.g., web services, API services, database services).

- **Vulnerabilities (CVEs)**: These are specific security vulnerabilities identified by their Common Vulnerabilities and Exposures (CVE) IDs. Each CVE represents a unique vulnerability that could be exploited.

- **Scores**: These are severity scores associated with each vulnerability for each cluster. Typically, these scores range from 0 to 10, where:
  - **0**: No vulnerability or not applicable
  - **1-3**: Low severity
  - **4-6**: Medium severity
  - **7-8**: High severity
  - **9-10**: Critical severity

### 3. Summarize the Main Insight and Recommended Actions

#### Main Insight:
The heatmap visualization shows the severity of different vulnerabilities across various ECS clusters. 

- **Web-Cluster**:
  - **CVE-2024-1234**: Critical severity (9.8)
  - **CVE-2024-5678**: High severity (7.5)
  - **CVE-",14.096841914430751,3.2953920364379883,True,2025-06-25T14:05:52.287680
24,nova_pro,chain_of_thought,treemap,"Certainly! Let's break down the vulnerability visualization step by step.

### Step 1: Identify the Key Elements and Data Points

The visualization is a **treemap** that provides a hierarchical view of vulnerability distribution across services and packages. The data is structured as follows:

- **Hierarchy**: The top-level categories are ""web-service"" and ""api-service"".
  - Under ""web-service"":
    - **nginx**: Contains two vulnerabilities, `CVE-2024-1111` with a severity score of 8.5 and `CVE-2024-2222` with a severity score of 6.2.
    - **openssl**: Contains one vulnerability, `CVE-2024-3333` with a severity score of 9.1.
  - Under ""api-service"":
    - **python**: Contains one vulnerability, `CVE-2024-4444` with a severity score of 7.8.
    - **flask**: Contains one vulnerability, `CVE-2024-5555` with a severity score of 5.9.

### Step 2: Explain What These Elements Represent in Terms of Security Risk

- **Services**: 
  - **web-service**: This category includes services like `nginx` and `openssl`, which are commonly used for web serving and encryption, respectively.
  - **api-service**: This category includes services like `python` and `flask`, which are often used for building and running APIs.

- **Packages**: 
  - Each service uses specific packages (`nginx`, `openssl`, `python`, `flask`), which may have known vulnerabilities.

- **Vulnerabilities (CVEs)**: 
  - Each package lists specific Common Vulnerabilities and Exposures (CVEs) along with their severity scores. 
  - Severity scores typically range from 0 to 10, where higher scores indicate more critical vulnerabilities.

### Step 3: Summarize the Main Insight and Recommended Actions

#### Main Insight:
The treemap visualization reveals the distribution and severity of vulnerabilities across different services and packages within your system. The most critical vulnerabilities are found in the `openssl` package (CVE-2024-3333 with a score of 9.1) and the `",13.131583835341367,4.20452094078064,True,2025-06-25T14:05:56.996222
25,llama_3b,general,stacked_bar,"**Vulnerability Visualization Explanation**

This vulnerability visualization is a **Stacked Bar Chart** that displays the distribution of vulnerabilities by severity across multiple AWS accounts.

**Data Breakdown:**

- **Accounts:** The chart shows data for three AWS accounts: ""account1"", ""account2"", and ""account3"".
- **Severity Levels:** The chart displays vulnerabilities categorized into four severity levels:
  - **Critical:** 5, 12, and 3 vulnerabilities
  - **High:** 8, 15, and 7 vulnerabilities
  - **Medium:** 20, 25, and 18 vulnerabilities
  - **Low:** 35, 40, and 22 vulnerabilities

**Visualization:**

The stacked bar chart represents each severity level as a separate bar, with each bar segment representing the number of vulnerabilities for each account. The bars are stacked on top of each other to show the total number of vulnerabilities for each account across all severity levels.

This visualization helps to quickly identify which accounts have the most vulnerabilities, and which severity levels are most prevalent across all accounts.",19.6591048951049,3.2858030796051025,False,2025-06-25T14:06:00.784551
26,llama_3b,general,heatmap,"**Vulnerability Visualization Explanation**

This vulnerability visualization is a labeled heatmap that displays the severity of vulnerabilities across multiple ECS (Elastic Container Service) clusters. Here's a breakdown of the visualization:

* **Data**: The data consists of three main components:
	+ **Clusters**: A list of ECS cluster names (e.g., ""web-cluster"", ""api-cluster"", ""db-cluster"").
	+ **Vulnerabilities**: A list of CVE (Common Vulnerability and Exposure) labels (e.g., ""CVE-2024-1234"", ""CVE-2024-5678"", ""CVE-2024-9012"").
	+ **Scores**: A 3D array representing the severity scores of vulnerabilities across clusters. Each inner array corresponds to a vulnerability, with scores ranging from 0 (low) to 9.9 (high).
* **Visualization**: The heatmap displays the vulnerability scores as a color-coded grid, with each cell representing a cluster-vulnerability combination. The color intensity corresponds to the severity score:
	+ Lighter colors indicate lower scores (e.g., 0-4.9).
	+ Darker colors indicate higher scores (e.g., 5-9.9).
* **Labels**: Each vulnerability is labeled with its corresponding CVE identifier, providing context for the severity score.

This visualization helps identify which clusters are most vulnerable to specific CVEs and allows for quick comparison of vulnerability severity across clusters.",14.945000000000004,4.3125340938568115,True,2025-06-25T14:06:05.600818
27,llama_3b,general,treemap,"**Vulnerability Visualization Explanation**

This vulnerability visualization is a hierarchical Treemap representation of vulnerability distribution across services and packages.

**Key Features:**

1. **Hierarchical Structure**: The visualization is organized into a hierarchical structure, with services (e.g., ""web-service"", ""api-service"") containing packages (e.g., ""nginx"", ""python"") and individual vulnerabilities (e.g., ""CVE-2024-1111"").
2. **Size Representation**: The size of each node in the Treemap represents the severity of the vulnerability, with higher values indicating greater severity.
3. **Color Representation**: The color of each node represents the type of vulnerability, although this is not explicitly stated in the provided data.

**Example:**

The visualization shows that:

* The ""web-service"" has a high-severity vulnerability (""CVE-2024-1111"") in ""nginx"" with a severity of 8.5.
* The ""api-service"" has a medium-severity vulnerability (""CVE-2024-4444"") in ""python"" with a severity of 7.8.
* The ""openssl"" package in ""web-service"" has a high-severity vulnerability (""CVE-2024-3333"") with a severity of 9.1.

This visualization provides a quick and intuitive overview of vulnerability distribution across services and packages, allowing for easy identification of high-severity vulnerabilities and areas for further investigation.",17.463843222645618,4.335157871246338,False,2025-06-25T14:06:10.439906
28,llama_3b,role_based,stacked_bar,"**Security Posture Report: Vulnerability Distribution by Severity**

**Executive Summary:**

Our vulnerability visualization report provides an overview of the security posture of our AWS accounts, highlighting the distribution of vulnerabilities by severity. This report is essential in helping us understand the current security risks and inform strategic decisions to mitigate them.

**Key Findings:**

The stacked bar chart visualization shows the number of vulnerabilities by severity across our three AWS accounts. The results indicate:

* **Critical vulnerabilities:** 5, 12, and 3 vulnerabilities were identified across the three accounts, with account 2 having the highest number of critical vulnerabilities.
* **High vulnerabilities:** 8, 15, and 7 vulnerabilities were found, with account 2 also having the highest number of high-severity vulnerabilities.
* **Medium vulnerabilities:** 20, 25, and 18 vulnerabilities were identified, with account 3 having the highest number of medium-severity vulnerabilities.
* **Low vulnerabilities:** 35, 40, and 22 vulnerabilities were found, with account 1 having the highest number of low-severity vulnerabilities.

**Security Posture Analysis:**

Our security posture is characterized by:

* **High vulnerability density:** All three accounts have a high number of vulnerabilities, indicating a significant security risk.
* **Account 2's vulnerability concentration:** This account has the highest number of critical and high-severity vulnerabilities, suggesting a higher security risk.
* **Medium-severity vulnerabilities:** The presence of medium-severity vulnerabilities across all accounts indicates a need for proactive monitoring and remediation.

**Required Actions:**

Based on these findings, we recommend the following actions:

1. **Prioritize remediation efforts:** Focus on addressing the critical and high-severity vulnerabilities in account 2, as they pose the highest security risk.
2. **Implement vulnerability management processes:** Establish a vulnerability management program to ensure proactive monitoring, detection, and remediation of vulnerabilities across all accounts.
3. **Conduct regular security assessments:** Schedule regular security assessments to identify and address potential security risks, ensuring our security posture remains robust.
4. **Invest in security training and awareness:** Provide security training and awareness programs for all employees, ensuring they understand the importance of vulnerability management and reporting.

**Conclusion:**

Our vulnerability visualization report highlights the need for proactive security measures to mitigate the identified vulnerabilities. By prioritizing remediation efforts, implementing vulnerability management processes, conducting regular security assessments, and investing in security training and awareness, we can improve our security posture",20.976031849203775,8.521526098251343,False,2025-06-25T14:06:19.468681
29,llama_3b,role_based,heatmap,"**Security Posture Report: Vulnerability Visualization**

**Executive Summary:**

Our vulnerability visualization report provides an overview of the security posture of our ECS clusters. The report displays vulnerability severity scores with CVE labels across clusters, highlighting areas that require immediate attention.

**Key Findings:**

The heatmap visualization shows the severity scores of vulnerabilities across our three ECS clusters: web-cluster, api-cluster, and db-cluster. The scores are based on the Common Vulnerability Scoring System (CVSS) and are displayed on a scale of 0-10.

**Cluster-wise Vulnerability Summary:**

* **Web-Cluster:** The web-cluster has the highest number of vulnerabilities, with a total score of 24.8. The top three vulnerabilities are:
	+ CVE-2024-1234 (Severity: 9.8)
	+ CVE-2024-5678 (Severity: 7.5)
	+ CVE-2024-9012 (Severity: 0)
* **API-Cluster:** The api-cluster has a total score of 17.3, with the top three vulnerabilities being:
	+ CVE-2024-5678 (Severity: 9.1)
	+ CVE-2024-9012 (Severity: 6.8)
	+ CVE-2024-1234 (Severity: 8.2)
* **DB-Cluster:** The db-cluster has the lowest number of vulnerabilities, with a total score of 15.1. The top three vulnerabilities are:
	+ CVE-2024-9012 (Severity: 8.9)
	+ CVE-2024-5678 (Severity: 5.4)
	+ CVE-2024-1234 (Severity: 0)

**Required Actions:**

Based on the vulnerability visualization, we recommend the following actions:

1. **Prioritize remediation of high-severity vulnerabilities:** Focus on addressing CVE-2024-1234 and CVE-2024-5678 in the web-cluster and api-cluster, respectively.
2. **Implement patching and updates:** Ensure that all clusters are up-to-date with the latest security patches and updates.
3. **Conduct regular vulnerability scans:** Schedule regular scans to identify new vulnerabilities and monitor the effectiveness of remediation efforts.
4. **Review and refine cluster configurations:** Review cluster configurations to ensure that they are secure and aligned with best practices.

**Recommendations for Future Improvements:**

1. **",14.555833333333336,7.131812810897827,True,2025-06-25T14:06:27.105410
30,llama_3b,role_based,treemap,"**Vulnerability Visualization Report**

**Executive Summary:**

Our vulnerability visualization report provides a hierarchical view of the distribution of vulnerabilities across our services and packages. The report is based on the provided data, which shows the severity and frequency of vulnerabilities in our systems.

**Key Findings:**

The treemap visualization reveals the following key findings:

1. **Web Service Vulnerabilities:** The web service is the most vulnerable component, with a total severity score of 23.7 (8.5 for Nginx, 6.2 for OpenSSL, and 9.1 for OpenSSL). This highlights the need for immediate attention and remediation.
2. **API Service Vulnerabilities:** The API service has a total severity score of 13.6 (7.8 for Python and 5.9 for Flask). While this is lower than the web service, it still indicates a moderate level of vulnerability.
3. **Package Vulnerabilities:** The visualization shows that OpenSSL is the most vulnerable package, with a severity score of 9.1. This is likely due to its widespread use and potential for exploitation.
4. **Service Package Distribution:** The visualization also reveals that the web service is more vulnerable than the API service, with a higher proportion of high-severity vulnerabilities.

**Recommendations:**

Based on these findings, we recommend the following actions:

1. **Prioritize Web Service Remediation:** Focus on remediating the high-severity vulnerabilities in the web service, particularly those related to Nginx and OpenSSL.
2. **API Service Review:** Conduct a thorough review of the API service to identify and remediate any vulnerabilities, focusing on the Python and Flask packages.
3. **Package Updates:** Ensure that all packages, particularly OpenSSL, are up-to-date and patched to prevent exploitation.
4. **Regular Vulnerability Assessments:** Schedule regular vulnerability assessments to monitor the security posture of our systems and identify potential issues before they become critical.

**Next Steps:**

We recommend scheduling a follow-up meeting to review the progress of these recommendations and provide an update on the remediation efforts.

**Conclusion:**

The vulnerability visualization report provides a clear picture of our security posture and highlights areas that require immediate attention. By prioritizing remediation efforts and implementing the recommended actions, we can reduce the risk of exploitation and improve the overall security of our systems.",14.724662668665669,7.075531959533691,True,2025-06-25T14:06:34.683007
31,llama_3b,few_shot,stacked_bar,"**Vulnerability Distribution by Severity Across AWS Accounts**

The provided stacked bar chart visualization effectively communicates the distribution of vulnerabilities across three AWS accounts by severity. Here's a breakdown of the visualization:

*   **Stacked Bar Chart**: The chart uses a stacked bar design, where each bar represents an AWS account, and the colors differentiate between the severity levels (critical, high, medium, and low).
*   **Vulnerability Distribution**: The chart displays the number of vulnerabilities for each severity level across the three AWS accounts. This allows for easy comparison of the vulnerability distribution across accounts.
*   **Severity Levels**: The chart clearly labels the severity levels, making it easy to understand the impact of each vulnerability.
*   **Account-wise Comparison**: By comparing the number of vulnerabilities across accounts, the chart helps identify which accounts have the most severe vulnerabilities and require immediate attention.

**Key Insights from the Visualization**

*   **Account2 has the highest risk**: With 12 critical issues, Account2 has the highest number of severe vulnerabilities, requiring immediate patching.
*   **Vulnerability hotspots**: The chart highlights areas where vulnerabilities are concentrated, allowing for targeted patching efforts.
*   **Comparison across accounts**: The visualization enables comparison of vulnerability distribution across accounts, facilitating informed decision-making.

**Recommendations for Improvement**

*   Consider adding a legend to explain the color-coding for each severity level.
*   Include a title that clearly states the purpose of the visualization, such as ""Vulnerability Distribution by Severity Across AWS Accounts.""
*   Use a consistent font size and style throughout the chart to improve readability.
*   Consider adding a hover-over effect or tooltip to provide additional information about each vulnerability, such as the CVE ID and a brief description.",17.670769230769228,5.2322916984558105,False,2025-06-25T14:06:40.419075
32,llama_3b,few_shot,heatmap,"**Vulnerability Visualization Explanation**

The labeled heatmap visualization provides a concise and informative representation of vulnerability severity scores across ECS (Elastic Container Service) clusters. Here's a breakdown of the visualization:

**Key Components:**

1. **Clusters:** The heatmap displays three ECS clusters: web-cluster, api-cluster, and db-cluster.
2. **Vulnerabilities:** The heatmap labels each cluster with a unique CVE (Common Vulnerability and Exposure) identifier, indicating the specific vulnerability being addressed.
3. **Scores:** The heatmap displays a 3x3 grid of severity scores, ranging from 0 to 9.9, for each cluster. The scores are represented as a color gradient, with higher scores indicating greater severity.

**Interpretation:**

* The heatmap reveals that CVE-2024-1234 has a high severity score (9.8) in the web-cluster and api-cluster, indicating a critical vulnerability that requires immediate attention.
* CVE-2024-5678 has a moderate severity score (7.5) in the web-cluster and a lower score (5.4) in the db-cluster.
* CVE-2024-9012 has a low severity score (0) in all clusters, indicating a non-critical vulnerability.

**Recommendations:**

* Prioritize patching the web-cluster and api-cluster first, as they have the highest severity scores for CVE-2024-1234.
* Consider patching the db-cluster for CVE-2024-5678, as it has a moderate severity score.
* Monitor the db-cluster for CVE-2024-9012, as it has a low severity score.

**Benefits:**

* The heatmap provides a quick and easy-to-understand visualization of vulnerability severity scores across multiple clusters.
* It enables teams to prioritize patching efforts based on the severity of vulnerabilities and their impact on the system.
* The heatmap facilitates collaboration and communication among team members, ensuring that everyone is aware of the vulnerabilities and their corresponding severity scores.",13.827621218400335,5.842350959777832,True,2025-06-25T14:06:46.768119
33,llama_3b,few_shot,treemap,"**Vulnerability Visualization Explanation**

The provided vulnerability visualization is a Treemap, a hierarchical representation of data that displays the distribution of vulnerabilities across different services and packages.

**Key Insights:**

1. **Service-level vulnerability distribution**: The Treemap organizes vulnerabilities by service, such as ""web-service"" and ""api-service"". This allows for easy identification of which services are most affected by vulnerabilities.
2. **Package-level vulnerability distribution**: Within each service, vulnerabilities are further organized by package, such as ""nginx"" and ""openssl"" under the ""web-service"" category. This provides a detailed view of the vulnerabilities affecting specific packages.
3. **Vulnerability severity**: The size and color of each rectangle in the Treemap represent the severity of the vulnerability, with larger and darker rectangles indicating higher severity scores.

**Actionable Takeaways:**

1. **Prioritize patching**: The Treemap highlights the most critical vulnerabilities, allowing for targeted patching efforts to address the highest-risk issues first.
2. **Focus on high-impact services**: The visualization emphasizes the importance of addressing vulnerabilities in critical services, such as ""web-service"" and ""api-service"".
3. **Package-level vulnerability analysis**: The Treemap facilitates in-depth analysis of vulnerabilities affecting specific packages, enabling more effective mitigation strategies.

**Recommendations:**

1. **Regularly update the visualization**: Schedule regular updates to reflect new vulnerability data and ensure that the visualization remains accurate and informative.
2. **Use the visualization in conjunction with other tools**: Combine the Treemap with other vulnerability management tools to create a comprehensive vulnerability management strategy.
3. **Provide context and explanations**: Offer clear explanations for the visualization, including the data sources and methodology used to generate the results, to ensure that stakeholders understand the insights and recommendations presented.",19.46206563706564,5.3316969871521,False,2025-06-25T14:06:52.605500
34,llama_3b,chain_of_thought,stacked_bar,"**Step 1: Identify the key elements and data points shown**

The visualization shows a stacked bar chart with the following key elements:

* **Accounts**: The x-axis represents the different AWS accounts (account1, account2, account3).
* **Severity levels**: The y-axis represents the vulnerability severity levels (critical, high, medium, low).
* **Bar heights**: The height of each bar corresponds to the number of vulnerabilities for each account and severity level.

**Step 2: Explain what these elements represent in terms of security risk**

The elements in the visualization represent the distribution of vulnerabilities across AWS accounts by severity. The bar heights indicate the number of vulnerabilities for each account and severity level. This visualization helps to:

* Identify which accounts have the most vulnerabilities and by severity.
* Compare the vulnerability distribution across accounts.
* Highlight areas where there may be a higher concentration of critical vulnerabilities.

In terms of security risk, this visualization can help security teams:

* Prioritize remediation efforts based on the severity and number of vulnerabilities.
* Identify accounts that require more attention and resources.
* Develop targeted security strategies to address common vulnerability types.

**Step 3: Summarize the main insight and recommended actions**

The main insight from this visualization is that:

* Account2 has the highest number of vulnerabilities, with a significant concentration of high and medium-severity vulnerabilities.
* Account3 has a relatively low number of vulnerabilities, with most being low-severity.
* Account1 has a moderate number of vulnerabilities, with a balanced distribution across severity levels.

Recommended actions:

* **Account2**: Conduct a thorough vulnerability assessment and remediation plan to address the high and medium-severity vulnerabilities.
* **Account3**: Review security controls and consider additional monitoring to prevent future vulnerabilities.
* **Account1**: Continue to monitor and maintain existing security controls to prevent new vulnerabilities.
* **All accounts**: Regularly review and update security controls to ensure they remain effective in preventing vulnerabilities.",16.881666666666664,5.823089122772217,False,2025-06-25T14:06:58.930322
35,llama_3b,chain_of_thought,heatmap,"**Step 1: Identify the key elements and data points shown**

The labeled heatmap visualization displays the following key elements and data points:

* **Clusters**: Three ECS (Elastic Container Service) clusters: ""web-cluster"", ""api-cluster"", and ""db-cluster"".
* **Vulnerabilities**: Three CVE (Common Vulnerabilities and Exposures) labels: ""CVE-2024-1234"", ""CVE-2024-5678"", and ""CVE-2024-9012"".
* **Scores**: A 3x3 matrix of vulnerability severity scores, with each score representing the severity of a vulnerability in each cluster.

**Step 2: Explain what these elements represent in terms of security risk**

The elements in the heatmap represent the severity of vulnerabilities in each ECS cluster. The scores in the matrix indicate the level of risk associated with each vulnerability:

* **Higher scores** indicate higher severity vulnerabilities, which pose a greater risk to the system.
* **Lower scores** indicate lower severity vulnerabilities, which pose a lower risk to the system.
* **CVE labels** provide additional context about the specific vulnerability, allowing for easier identification and prioritization of remediation efforts.

**Step 3: Summarize the main insight and recommended actions**

The main insight from this vulnerability visualization is that the ""db-cluster"" has a significant vulnerability with a score of 0, indicating a critical severity. This suggests that the database cluster is at high risk of exploitation.

**Recommended actions:**

1. **Prioritize remediation efforts**: Focus on addressing the critical vulnerability in the ""db-cluster"" as soon as possible.
2. **Monitor the cluster**: Continuously monitor the ""db-cluster"" for any signs of exploitation or further vulnerabilities.
3. **Review and update**: Review the vulnerability scores and CVE labels for other clusters to identify potential areas for improvement and update the security posture of the ECS clusters.

By analyzing this vulnerability visualization, organizations can quickly identify high-risk vulnerabilities and take proactive measures to mitigate them, ensuring the security and integrity of their systems.",17.214905094905095,6.020529270172119,False,2025-06-25T14:07:05.454751
36,llama_3b,chain_of_thought,treemap,"**Step 1: Identify the key elements and data points shown**

The key elements and data points shown in this vulnerability visualization are:

* A hierarchical structure representing different services and packages (e.g., ""web-service"", ""nginx"", ""openssl"", ""api-service"", ""python"", ""flask"")
* Vulnerability names (e.g., ""CVE-2024-1111"", ""CVE-2024-2222"", etc.)
* Severity scores (e.g., 8.5, 6.2, 9.1, etc.) representing the potential impact of each vulnerability

**Step 2: Explain what these elements represent in terms of security risk**

These elements represent the distribution of vulnerabilities across different services and packages, along with their corresponding severity scores. The severity scores indicate the potential impact of each vulnerability, with higher scores indicating a greater risk.

* The hierarchical structure suggests that some services or packages are more vulnerable than others.
* The presence of multiple vulnerabilities with high severity scores (e.g., 9.1) in a single service or package indicates a significant security risk.
* The distribution of vulnerabilities across different services and packages can help identify areas that require more attention and remediation efforts.

**Step 3: Summarize the main insight and recommended actions**

The main insight from this vulnerability visualization is that there are significant security risks associated with certain services and packages, particularly those with high severity scores. To address these risks, the following recommended actions can be taken:

* Prioritize remediation efforts for services and packages with high severity scores (e.g., ""openssl"" with a severity score of 9.1).
* Conduct a thorough review of the vulnerabilities listed for each service and package to identify potential weaknesses and areas for improvement.
* Consider implementing additional security measures or patches to mitigate the risks associated with these vulnerabilities.
* Continuously monitor the vulnerability landscape to ensure that the identified risks are addressed and that new vulnerabilities are not introduced.",16.203147241992884,5.792676210403442,False,2025-06-25T14:07:11.752958
